pair_index,tag,mae,random_mae,cam_best_f1_mean
1,sel1,0.3691089925978548,0.332916082393139,0.6989510313177669
2,sel2,0.2928757896542776,0.3723764177793321,0.5600583971002819
3,sel3,0.14419565474555335,0.42121587274082206,0.6116845031801044
4,sel4,0.08225648951926055,0.45542307137813154,0.18027932960893858
5,sel5,0.2485704692050311,0.28840343059257456,0.8056600245184615
6,sel6,0.24221437365697568,0.33289810837865097,0.6021814876533857
7,sel7,0.224448178617881,0.4141466938693205,0.4892848445490706
8,sel8,0.13290824485933245,0.4539325694844202,0.1913588850174216
9,sel9,0.2163515681993244,0.38679644987681755,0.7594580487029935
10,sel10,0.12390872103203401,0.4625636649777695,0.2681777629084421
11,sel11,0.32657195815894446,0.32402269900295627,0.7388322884012539
12,sel12,0.15695607121789423,0.4047294679990162,0.46597116200169636
13,sel13,0.24158670962419704,0.43124938497342563,0.471264367816092
14,sel14,0.2448020421407621,0.46872464603597935,0.5011971830985915
15,sel15,0.12556775672298168,0.46721221175925637,0.3906408741265991
16,sel16,0.2047003604711891,0.40680324988743394,0.4414378387985426
17,sel17,0.28039159895815563,0.4355357776556329,0.6835282120056438
18,sel18,0.3566526638337411,0.4861297070373097,0.6950859432668987
19,sel19,0.2654445500764129,0.35965526150581817,0.6565259557960288
20,sel20,0.1367119574389683,0.4458967553971753,0.34970050120207
21,hold1,0.26329780195557617,0.4916579706385462,0.552570603445381
22,hold2,0.20136187730687422,0.32548258614574943,0.8600796015998745
23,hold3,0.030170180353729946,0.4814777366331419,0.10718298254812374
24,hold4,0.2330338148266324,0.43238641961395274,0.40971816588785037
25,hold5,0.17070662872446332,0.46061083870768516,0.3483840967216927
26,hold6,0.1745983158131432,0.4295558004247094,0.5697102829580019
27,hold7,0.37756433307946846,0.438192619007924,0.6464426014840681
28,hold8,0.11699826214573907,0.42982592377099305,0.4443515421776291
29,hold9,0.24128619846090393,0.3457262304983406,0.47143327299654436
30,hold10,0.1751068902821964,0.4365377927219028,0.6187238945700706
31,hold11,0.06861921224168846,0.49240018189534535,0.30007770007770007
32,hold12,0.20995644211734613,0.36438284694640605,0.5295216450553385
33,hold13,0.27007672630867346,0.4580281505318468,0.3839579496306107
34,hold14,0.24313724810319184,0.4456366399215315,0.529476793394711
35,hold15,0.24881545903425778,0.41571334849901664,0.4939271255060729
