pair_index,tag,utt_0,utt_1,single_vad_mae,single_vad_random_mae,single_wave_mae,single_wave_random_mae,ensemble_vad_mae,ensemble_vad_random_mae,ensemble_wave_mae,ensemble_wave_random_mae
1,sel1,1089-134691-0001.flac,1188-133604-0000.flac,0.31945782181981464,0.40115412494996217,0.27912237763439846,0.4075088517418571,0.2189558273853207,0.322465970582866,0.29385750927851473,0.3182279431403729
2,sel2,121-121726-0001.flac,1221-135767-0001.flac,0.26273436355085306,0.3930191507713732,0.23648213556482525,0.424341094870772,0.20334510113705268,0.33574055863077246,0.2983798160716713,0.3892449568903136
3,sel3,1284-1181-0000.flac,1320-122617-0000.flac,0.13842261108124215,0.4720648493872697,0.3372498962097876,0.36733208971959624,0.21371779092037235,0.33687002132017063,0.3557232742816568,0.3101919424180837
4,sel4,1580-141083-0001.flac,1995-1836-0001.flac,0.10887797900609138,0.4853817641321202,0.2323969683719321,0.4872301147027317,0.27272570061597723,0.3956150923243645,0.28166713295713935,0.3243629366429269
5,sel5,2094-142345-0001.flac,2300-131720-0000.flac,0.22156350469907637,0.4502586652034532,0.31937128727016284,0.3378610809329922,0.2710461450480913,0.3400796031761437,0.2425804568752818,0.32589386256208264
6,sel6,237-134500-0000.flac,260-123440-0001.flac,0.3228308989337187,0.2983749918862695,0.15271783082307797,0.3035621370668532,0.24836431425480313,0.30984713078732823,0.18435640955187127,0.2888651346295781
7,sel7,2830-3980-0001.flac,2961-960-0001.flac,0.2218301246610745,0.4249555670655303,0.25109202108420686,0.39914535942192986,0.3167190167225491,0.3514663442507141,0.22654775435712574,0.3352755421761418
8,sel8,3570-5694-0001.flac,3575-170457-0000.flac,0.31387244776642764,0.4487379692039703,0.31665309384448503,0.4294816563549181,0.2726444374247052,0.35145279547749547,0.2945548219521903,0.3404791713864477
9,sel9,3729-6852-0001.flac,4077-13754-0001.flac,0.12277352014679291,0.40500260014878253,0.1551821321132836,0.4632437434440255,0.27291612591156683,0.37344990050820254,0.3057867868050062,0.3709308380197974
10,sel10,4446-2271-0001.flac,4507-16021-0001.flac,0.03331026925953751,0.48572609810246076,0.22153479956400893,0.45468196358345064,0.20308401650262983,0.40585628708884286,0.22881728166162693,0.35161388375864944
11,sel11,4970-29095-0001.flac,4992-41797-0000.flac,0.21218093622264486,0.32415803442119073,0.28479205154658144,0.37970434754363364,0.17450361710320383,0.30557038564875383,0.2547150135886344,0.34275239882547653
12,sel12,5105-28241-0000.flac,5142-36377-0000.flac,0.22144913820347814,0.44716695574932824,0.11808520991507424,0.4843254408108008,0.27369718357001727,0.394939407697961,0.19239886177508567,0.41295471320529137
13,sel13,5639-40744-0001.flac,5683-32865-0001.flac,0.24744035439368586,0.3685318066913196,0.13898614393923145,0.4958863509389928,0.17785730602107483,0.39146976804660133,0.17573394797804312,0.4270132893062078
14,sel14,61-70968-0000.flac,672-122797-0001.flac,0.2545797659686138,0.4222232040973158,0.23582202680241898,0.46321258034358664,0.26564447439254163,0.3600517070844235,0.28710215302744146,0.40029952074249187
15,sel15,6829-68769-0000.flac,6930-75918-0000.flac,0.4671743575329525,0.32125115663911746,0.4060872754081825,0.31304203007835124,0.20987910844969426,0.30006244856013875,0.25799249264621665,0.31975261661263343
16,sel16,7021-79759-0000.flac,7127-75947-0001.flac,0.2241437990894746,0.4400370791235206,0.34912955245241767,0.35411176976930725,0.3131117911455592,0.3334619562295621,0.37079602220245783,0.3237299696594002
17,sel17,7176-92135-0000.flac,7729-102255-0000.flac,0.48714603654502037,0.44304216236307825,0.31043921115248707,0.3706774519593766,0.4134086427907666,0.4318470171534177,0.2926381875444521,0.35720504735109554
18,sel18,8224-274384-0000.flac,8230-279154-0000.flac,0.2424348340662636,0.48201091734331747,0.18890386590471328,0.3891137601874936,0.26509969401844535,0.4204116771613565,0.19726655219373634,0.30424071913971024
19,sel19,8455-210777-0000.flac,8463-287645-0001.flac,0.37645024274568833,0.3331789667147058,0.21359671123760932,0.4655162093315541,0.23168019390835334,0.35238872082259204,0.24655329031554152,0.3993679162387886
20,sel20,8555-292519-0000.flac,908-157963-0000.flac,0.3287915255446945,0.34707716186239257,0.24670640695633883,0.3845256438526217,0.25710646162273254,0.3335622108476269,0.2466023658569895,0.3417131150282254
21,hold1,1272-128104-0000.flac,1462-170138-0001.flac,0.26768749972753453,0.45863180463793896,0.1682855157817347,0.4023986866564829,0.30097079438346497,0.413042001373816,0.2735999924710375,0.3155594263323005
22,hold2,1673-143396-0000.flac,174-50561-0001.flac,0.32506869408323796,0.43390989928793233,0.29259492059425096,0.44436521346714686,0.23261002599002034,0.3516324453938698,0.3162419607719046,0.36536196620110234
23,hold3,1988-147956-0001.flac,1993-147965-0000.flac,0.3937185772052876,0.4569609137052806,0.18736291671069624,0.45267800685426296,0.2084092556422385,0.3783661598977866,0.2753819307166376,0.38130232259515473
24,hold4,2035-147960-0000.flac,2078-142845-0000.flac,0.2527477458295603,0.4042397329385638,0.17851383083775452,0.5038255170023219,0.21851428190518632,0.3707766274676619,0.3005814636294751,0.4254397169947663
25,hold5,2086-149214-0000.flac,2277-149896-0000.flac,0.30993664060134635,0.37981221260620374,0.0983586610750261,0.5055068564350491,0.1977041202309182,0.3785266822957473,0.28579328443817786,0.3777250944608538
26,hold6,2428-83705-0000.flac,251-136532-0000.flac,0.18476710421432724,0.48002324156040077,0.25108548658174296,0.3216952449165007,0.2998328030011875,0.3704392480372267,0.18459607743010287,0.33625006594456525
27,hold7,2803-161169-0001.flac,2902-9006-0000.flac,0.261703137872335,0.40249869272790495,0.18634166501996977,0.4675370919996414,0.2686059951180742,0.3864321475561245,0.25133553124318947,0.3603812327890758
28,hold8,3000-15664-0000.flac,3081-166546-0001.flac,0.25439207715542783,0.4003257169955767,0.24037777747813696,0.44598203716833584,0.24585704878401574,0.36052321215442973,0.24199497743840287,0.35728610965040253
29,hold9,3170-137482-0000.flac,3752-4943-0000.flac,0.354155209078101,0.34214150505046953,0.20722784277966874,0.357406155390618,0.3173684200588499,0.3018883985398308,0.212564827162705,0.3087875681437393
30,hold10,5338-284437-0000.flac,5536-43358-0001.flac,0.21159218925480267,0.41655738917613555,0.3083031100559073,0.4362109556967246,0.3372659359037394,0.4091130675561097,0.261929575066366,0.36685690596169557
31,hold11,5895-34629-0001.flac,6295-244435-0000.flac,0.13973641250987667,0.47800872144011164,0.21614539088828968,0.4788645859550116,0.22291966318179,0.347129645940056,0.23040566280850994,0.38020053090397254
32,hold12,6313-66125-0001.flac,6319-57405-0000.flac,0.2633198210954661,0.40473536801443893,0.27121477325257826,0.4088641669545276,0.3481509926819338,0.36163072507475563,0.23580185332652268,0.3330108966161823
33,hold13,6345-93302-0001.flac,777-126732-0000.flac,0.2465303485066186,0.34652159485873785,0.27438900867365307,0.45975407363792303,0.21416073951623565,0.3567411000282228,0.2493550333418581,0.37427834005227717
34,hold14,7850-73752-0000.flac,7976-110124-0000.flac,0.1807017050715423,0.48893466654062134,0.3638072322296425,0.4392264496294597,0.18690680600904414,0.389877774363371,0.2197306626634836,0.3321451202329538
35,hold15,8297-275156-0001.flac,84-121123-0001.flac,0.2240623055547838,0.3669388420913954,0.19905225616248373,0.4615276601119515,0.2985307010066829,0.3510663211274979,0.2184806848344143,0.37837011368161894
